{
    "th" : {
        
            "img-1" : "images/AD0315-1_1040x1040_nobg.png",
            "tg-btn-wd" : "กลุ่มพูดคุย",
            "line-btn-wd" : "ฝ่ายบริการลูกค้า",
            "link-btn-wd" : "ลิงก์สำรอง",
            "img-2" : "images/text_thai.png",
            "long-video-title" : "หน้าหนังโป๊",
            "long-video-mian" : "ทางเว็บไซต์มีหนัง JAV ใหม่อัปเดตตลอด หนัง JAV ออนไลน์จำนวนมากกว่า 30,000 เรื่อง สาวเอวีมีการจัดแบ่งไว้เกือบทุกประเภท คนไทย ไม่ควรพลาดหนังซับไทย คุณสามารถเข้าใจเนื้อเรื่องพร้อมรับชมหนังภาพคมชัด",
            "long-video-advantage" : "ข้อดี",
            "long-video-advantage-1" : "แหล่งรวมหนัง JAV ที่ครบครัน",
            "long-video-advantage-2" : "ข้อมูลสาวเอวี",
            "long-video-advantage-3" : "หนังใหม่ส่งตรงจากญี่ปุ่น",
            "long-video-advantage-4" : "หนังเอวีซับไทย",
            "long-video-advantage-5" : "รับชมฟรีไม่เสียค่าใช้จ่าย",
            "short-video-title" : "หน้าคลิปโป๊",
            "short-video-mian" : "อยากรู้คลิปโป๊ที่เพื่อนคุยกันนั้นมาจากที่ไหน? คุณสามารถมาเสิร์ชได้บนช่องค้นหาใน AOXX ระบบข้อมูลครบวงจรที่ทำให้คุณค้นหาหนังที่ต้องการได้ง่ายยิ่งขึ้น ระวัง เดี๋ยวติดใจ！",
            "short-video-advantage" : "ข้อดี",
            "short-video-advantage-1" : "หนังใหม่ล่าสุดบนอินเตอร์เน็ตโหลดด้วยระบบ AI",
            "short-video-advantage-2" : "วิดีโอหนังหลากหลายประเภท",
            "short-video-advantage-3" : "รวบรวมหนังยอดฮิตจากต่างประเทศ",
            "av-page-title" : "หน้าสาวเอวี",
            "av-page-mian" : "สาวเอวีที่กำลังมาแรงอย่าง Kawakita Saika, Koyoi Konan, Yamate Ria, Rei Kamiki และSuzumori Remu หรือสาวเอวีที่เพิ่งเดบิวต์มาใหม่ ที่นี่มีผลงานและคลังข้อมูลของสาวเอวีที่ครบครัน อยากดูหนังสาวเอวีคนโปรดแต่หาไม่เจอ? รีบมาค้นหาบน AOXX ได้เลยตอนนี้！"
        
    },
    "en" : {
        
            "img-1" : "images/AD0315-1_1040x1040_en.png",
            "tg-btn-wd" : "group talk",
            "line-btn-wd" : "contact us",
            "link-btn-wd" : "line",
            "img-2" : "images/text_en.png",
            "long-video-title" : "หน้าหนังโป๊",
            "long-video-mian" : "ทางเว็บไซต์มีหนัง JAV ใหม่อัปเดตตลอด หนัง JAV ออนไลน์จำนวนมากกว่า 30,000 เรื่อง สาวเอวีมีการจัดแบ่งไว้เกือบทุกประเภท คนไทย ไม่ควรพลาดหนังซับไทย คุณสามารถเข้าใจเนื้อเรื่องพร้อมรับชมหนังภาพคมชัด",
            "long-video-advantage" : "ข้อดี",
            "long-video-advantage-1" : "แหล่งรวมหนัง JAV ที่ครบครัน",
            "long-video-advantage-2" : "ข้อมูลสาวเอวี",
            "long-video-advantage-3" : "หนังใหม่ส่งตรงจากญี่ปุ่น",
            "long-video-advantage-4" : "หนังเอวีซับไทย",
            "long-video-advantage-5" : "รับชมฟรีไม่เสียค่าใช้จ่าย",
            "short-video-title" : "หน้าคลิปโป๊",
            "short-video-mian" : "อยากรู้คลิปโป๊ที่เพื่อนคุยกันนั้นมาจากที่ไหน? คุณสามารถมาเสิร์ชได้บนช่องค้นหาใน AOXX ระบบข้อมูลครบวงจรที่ทำให้คุณค้นหาหนังที่ต้องการได้ง่ายยิ่งขึ้น ระวัง เดี๋ยวติดใจ！",
            "short-video-advantage" : "ข้อดี",
            "short-video-advantage-1" : "หนังใหม่ล่าสุดบนอินเตอร์เน็ตโหลดด้วยระบบ AI ",
            "short-video-advantage-2" : "วิดีโอหนังหลากหลายประเภท",
            "short-video-advantage-3" : "รวบรวมหนังยอดฮิตจากต่างประเทศ",
            "av-page-title" : "หน้าสาวเอวี",
            "av-page-mian" : "สาวเอวีที่กำลังมาแรงอย่าง Kawakita Saika, Koyoi Konan, Yamate Ria, Rei Kamiki และSuzumori Remu หรือสาวเอวีที่เพิ่งเดบิวต์มาใหม่ ที่นี่มีผลงานและคลังข้อมูลของสาวเอวีที่ครบครัน อยากดูหนังสาวเอวีคนโปรดแต่หาไม่เจอ? รีบมาค้นหาบน AOXX ได้เลยตอนนี้！"
        
    }
}